NAME,MOBILE,EMAIL
JTIKszm,1765558911,ikwbf6w3jbnaejj@domain.com
WcCLMDS,1571157850,e4x6hoj9uuazr0v@domain.com
QtOGWji,0173011274,c8sl65b2zfap3rv@domain.com
AHZXwEO,6970781418,54bznjunp6p1um1@domain.com
BeRRNqu,0296802033,v8gely0z7ukdtzy@domain.com
pGRvZkT,2969139267,9xhqsiugjftozhm@domain.com
tmPFnYd,7648219369,8znc6touhvhjf5x@domain.com
FylJsNQ,4247756527,0p66oad864074s8@domain.com
yQfZwpI,3767570753,eo03nh3rowpg8az@domain.com
yAUnDDP,4046827881,105r7ip77isgngq@domain.com
WSefdGY,9230412797,bgwij5dgid4l7ek@domain.com
pcyEDJT,3246170693,x7ycm2o7wet5vpn@domain.com
SPgOLPx,7621221050,wvtkj8y2dk1vd2g@domain.com
lkdErPi,6777506220,fb1x6jzhyondyhb@domain.com
xvcHUyX,9093964623,age3qgrjhkegedl@domain.com
efhsPNH,3682461177,v84h4cffarh46iv@domain.com
QGiguTc,9016383198,answo0m2wv9iep8@domain.com
TRkirIR,5988692702,irlqpx7locf1l33@domain.com
aPQdpqd,6979944887,nytlhce89r2g36v@domain.com
zvMMsHo,6401453646,csilqa9u7v09zfl@domain.com
RgJgDvu,6486920311,r7srfoyzz1qh4ma@domain.com
cjbYNaD,1372770729,gu9q3u5pymnjzny@domain.com
gUWAZQU,2458658989,mppq8hhxi8de03e@domain.com
EwofNaj,8308301395,pieow0z3qfbulx9@domain.com
DecOXfF,1948396647,29h5791xx0b9k17@domain.com
ZvsUHyk,8319019831,rt5ahrukkwea11i@domain.com
mAXPlcP,7456433755,cfa1tevnyivj0ya@domain.com
SVdHJKg,3600205033,odb2izxj37jzpnr@domain.com
ZXiNAoz,9503700036,ft1l3ewd338y6qr@domain.com
lZgsNMT,8731989848,wg9iy1qsv8hcwhb@domain.com
NSTrHHa,5267941586,dfu55kzz8nkhgp6@domain.com
ARdJiGi,0826236531,p50en1pdk7ktxfc@domain.com
KSSBaiM,6886254488,l82kyriyesxn4xn@domain.com
yZsPojY,1683382688,8bn9a1trunpgqib@domain.com
PHvaGKS,9175606404,1p4h41irow35i6c@domain.com
KxqVufJ,8421746865,yhc502nuis9y5mv@domain.com
fxMpgSo,0315407631,pkul9sn9jn2slwf@domain.com
AVedLsz,8154326862,redpf3z5jlubyxc@domain.com
QXzWYLZ,0450014905,x8svnqr2xeodqx7@domain.com
zRqwfrv,3539583876,1loyg8j5t0ywnjq@domain.com
kbQnQtp,9746464798,dgazwn6jj1choej@domain.com
hQdlFxn,1377650205,qncy964b553hygg@domain.com
qljhjla,3302949371,f9sciyjngai1i35@domain.com
RNnWsYT,3659623137,miqxi7nrf6vyknc@domain.com
MkFtbaL,0107771588,1zu0dsq3by50gxx@domain.com
ksYDqFO,4270898176,szwzkfzpfcrt1s9@domain.com
JbiLYja,1066645365,3lul8khq0fgno8i@domain.com
isnvyMH,7581038913,0snwi52zc4wldth@domain.com
BJYHDIE,8933809626,umgbdeknev16ytb@domain.com
QITeDIY,7117989306,xjpodbhobzaqzct@domain.com
